{
  "crs": "EPSG:3857",
  "width": 13532,
  "height": 16814,
  "preview_width": 3296,
  "preview_height": 4096,
  "bounds_4326": [
    45.76355,
    34.601563,
    120.097046,
    78.042657
  ]
}